{"cameraMode":{"drawMode":0,"name":"Shaded","section":"Shading Mode"},"sceneLighting":true,"audioPlay":false,"sceneViewState":{"showFog":true,"showMaterialUpdate":false,"showSkybox":true,"showFlares":true,"showImageEffects":true,"showParticleSystems":true},"in2DMode":false,"pivot":{"x":-133.5606689453125,"y":12.2294921875,"z":-36.72216796875},"rotation":{"x":0.262132853269577,"y":0.04282744973897934,"z":-0.011650938540697098,"w":0.9640106558799744},"size":4.7152018547058109,"orthographic":true}