{"cameraMode":{"drawMode":0,"name":"Shaded","section":"Shading Mode"},"sceneLighting":false,"audioPlay":false,"sceneViewState":{"showFog":true,"showMaterialUpdate":false,"showSkybox":false,"showFlares":true,"showImageEffects":true,"showParticleSystems":true},"in2DMode":false,"pivot":{"x":-150.1287841796875,"y":0.7275691032409668,"z":11.62354850769043},"rotation":{"x":0.19312608242034913,"y":0.6450310945510864,"z":-0.17332133650779725,"w":0.7187468409538269},"size":22.164594650268556,"orthographic":true}