{"cameraMode":{"drawMode":0,"name":"Shaded","section":"Shading Mode"},"sceneLighting":true,"audioPlay":false,"sceneViewState":{"showFog":true,"showMaterialUpdate":false,"showSkybox":true,"showFlares":true,"showImageEffects":true,"showParticleSystems":true},"in2DMode":false,"pivot":{"x":-139.92214965820313,"y":3.6943359375,"z":18.931640625},"rotation":{"x":0.0029031038284301759,"y":-0.8443088531494141,"z":0.5358296036720276,"w":0.004564173519611359},"size":7.894609451293945,"orthographic":true}