{"cameraMode":{"drawMode":0,"name":"Shaded","section":"Shading Mode"},"sceneLighting":true,"audioPlay":false,"sceneViewState":{"showFog":true,"showMaterialUpdate":false,"showSkybox":true,"showFlares":true,"showImageEffects":true,"showParticleSystems":true},"in2DMode":false,"pivot":{"x":-248.27230834960938,"y":1.7135632038116456,"z":213.4471435546875},"rotation":{"x":0.14007794857025147,"y":-0.1361798197031021,"z":0.01945441961288452,"w":0.980538010597229},"size":18.985034942626954,"orthographic":false}