{"cameraMode":{"drawMode":0,"name":"Shaded","section":"Shading Mode"},"sceneLighting":false,"audioPlay":false,"sceneViewState":{"showFog":true,"showMaterialUpdate":false,"showSkybox":false,"showFlares":true,"showImageEffects":true,"showParticleSystems":true},"in2DMode":false,"pivot":{"x":-0.17614269256591798,"y":-1.6666606664657593,"z":-11.314220428466797},"rotation":{"x":0.37555578351020815,"y":-0.2961391508579254,"z":0.12801377475261689,"w":0.8688336610794067},"size":0.3745425045490265,"orthographic":true}