{"cameraMode":{"drawMode":0,"name":"Shaded","section":"Shading Mode"},"sceneLighting":true,"audioPlay":false,"sceneViewState":{"showFog":true,"showMaterialUpdate":false,"showSkybox":true,"showFlares":true,"showImageEffects":true,"showParticleSystems":true},"in2DMode":false,"pivot":{"x":-0.7278075218200684,"y":-45.07162857055664,"z":44.225257873535159},"rotation":{"x":0.3937591016292572,"y":-0.03335201367735863,"z":0.014299101196229458,"w":0.9184971451759338},"size":76.81761932373047,"orthographic":false}