{"cameraMode":{"drawMode":0,"name":"Shaded","section":"Shading Mode"},"sceneLighting":false,"audioPlay":false,"sceneViewState":{"showFog":true,"showMaterialUpdate":false,"showSkybox":false,"showFlares":true,"showImageEffects":true,"showParticleSystems":true},"in2DMode":false,"pivot":{"x":3.5762786865234377e-7,"y":0.7069873809814453,"z":0.4328256845474243},"rotation":{"x":0.4301786422729492,"y":-0.133225217461586,"z":0.0643550232052803,"w":0.8905367851257324},"size":12.209482192993164,"orthographic":true}