{"cameraMode":{"drawMode":0,"name":"Shaded","section":"Shading Mode"},"sceneLighting":true,"audioPlay":false,"sceneViewState":{"showFog":true,"showMaterialUpdate":false,"showSkybox":true,"showFlares":true,"showImageEffects":true,"showParticleSystems":true},"in2DMode":false,"pivot":{"x":464.82220458984377,"y":430.3427734375,"z":448.12921142578127},"rotation":{"x":0.24401333928108216,"y":0.5774132013320923,"z":-0.18623562157154084,"w":0.7565499544143677},"size":1651.56787109375,"orthographic":false}