{"cameraMode":{"drawMode":0,"name":"Shaded","section":"Shading Mode"},"sceneLighting":true,"audioPlay":false,"sceneViewState":{"showFog":true,"showMaterialUpdate":false,"showSkybox":true,"showFlares":true,"showImageEffects":true,"showParticleSystems":true},"in2DMode":false,"pivot":{"x":-86.2462387084961,"y":3.0420584678649904,"z":483.53350830078127},"rotation":{"x":0.20786723494529725,"y":0.005868820007890463,"z":-0.001248006010428071,"w":0.9781386852264404},"size":1.382291316986084,"orthographic":false}