{"cameraMode":{"drawMode":0,"name":"Shaded","section":"Shading Mode"},"sceneLighting":true,"audioPlay":false,"sceneViewState":{"showFog":true,"showMaterialUpdate":false,"showSkybox":true,"showFlares":true,"showImageEffects":true,"showParticleSystems":true},"in2DMode":false,"pivot":{"x":-90.08050537109375,"y":1.376953125,"z":484.42578125},"rotation":{"x":0.22105318307876588,"y":0.005303415935486555,"z":-0.0011938723037019373,"w":0.9752466082572937},"size":20.448789596557618,"orthographic":true}