{"cameraMode":{"drawMode":0,"name":"Shaded","section":"Shading Mode"},"sceneLighting":false,"audioPlay":false,"sceneViewState":{"showFog":true,"showMaterialUpdate":false,"showSkybox":false,"showFlares":true,"showImageEffects":true,"showParticleSystems":true},"in2DMode":false,"pivot":{"x":3.369102954864502,"y":4.873479843139648,"z":-6.7292022705078129},"rotation":{"x":0.6207151412963867,"y":0.14225678145885468,"z":-0.11583930999040604,"w":0.7622709274291992},"size":86.03466796875,"orthographic":false}