{"cameraMode":{"drawMode":0,"name":"Shaded","section":"Shading Mode"},"sceneLighting":true,"audioPlay":false,"sceneViewState":{"showFog":true,"showMaterialUpdate":false,"showSkybox":true,"showFlares":true,"showImageEffects":true,"showParticleSystems":true},"in2DMode":false,"pivot":{"x":-85.13582611083985,"y":-2.1928505897521974,"z":478.6416320800781},"rotation":{"x":0.13395723700523377,"y":-0.20649534463882447,"z":0.028551962226629258,"w":0.9688137173652649},"size":40.16695785522461,"orthographic":false}