{"cameraMode":{"drawMode":0,"name":"Shaded","section":"Shading Mode"},"sceneLighting":true,"audioPlay":false,"sceneViewState":{"showFog":true,"showMaterialUpdate":false,"showSkybox":true,"showFlares":true,"showImageEffects":true,"showParticleSystems":true},"in2DMode":false,"pivot":{"x":-143.41000366210938,"y":0.07999999821186066,"z":0.0},"rotation":{"x":0.2946435213088989,"y":0.3132447600364685,"z":-0.10290205478668213,"w":0.8969247937202454},"size":50.738494873046878,"orthographic":false}