{"cameraMode":{"drawMode":0,"name":"Shaded","section":"Shading Mode"},"sceneLighting":false,"audioPlay":false,"sceneViewState":{"showFog":true,"showMaterialUpdate":false,"showSkybox":false,"showFlares":true,"showImageEffects":true,"showParticleSystems":true},"in2DMode":false,"pivot":{"x":-13.825590133666993,"y":0.7275691032409668,"z":6.1931610107421879},"rotation":{"x":0.09011303633451462,"y":0.884139358997345,"z":-0.19122406840324403,"w":0.4166661202907562},"size":8.267056465148926,"orthographic":true}