{"cameraMode":{"drawMode":0,"name":"Shaded","section":"Shading Mode"},"sceneLighting":true,"audioPlay":false,"sceneViewState":{"showFog":true,"showMaterialUpdate":false,"showSkybox":true,"showFlares":true,"showImageEffects":true,"showParticleSystems":true},"in2DMode":false,"pivot":{"x":25.0,"y":2.4000003337860109,"z":0.46784448623657229},"rotation":{"x":0.07336802780628205,"y":0.9226387143135071,"z":-0.2193392813205719,"w":0.30861836671829226},"size":5.107466697692871,"orthographic":true}