{"cameraMode":{"drawMode":0,"name":"Shaded","section":"Shading Mode"},"sceneLighting":true,"audioPlay":false,"sceneViewState":{"showFog":true,"showMaterialUpdate":false,"showSkybox":true,"showFlares":true,"showImageEffects":true,"showParticleSystems":true},"in2DMode":false,"pivot":{"x":136.11819458007813,"y":21.328136444091798,"z":298.0790100097656},"rotation":{"x":0.20334391295909882,"y":0.709768533706665,"z":-0.22727203369140626,"w":0.6350018978118897},"size":46.78872299194336,"orthographic":true}