{"cameraMode":{"drawMode":0,"name":"Shaded","section":"Shading Mode"},"sceneLighting":true,"audioPlay":false,"sceneViewState":{"showFog":true,"showMaterialUpdate":false,"showSkybox":true,"showFlares":true,"showImageEffects":true,"showParticleSystems":true},"in2DMode":false,"pivot":{"x":-144.67832946777345,"y":3.1136302947998049,"z":1.1098642349243165},"rotation":{"x":0.26058077812194826,"y":-0.21919426321983338,"z":0.06087588518857956,"w":0.9382674098014832},"size":14.947772026062012,"orthographic":false}