{"cameraMode":{"drawMode":0,"name":"Shaded","section":"Shading Mode"},"sceneLighting":false,"audioPlay":false,"sceneViewState":{"showFog":true,"showMaterialUpdate":false,"showSkybox":false,"showFlares":true,"showImageEffects":true,"showParticleSystems":true},"in2DMode":false,"pivot":{"x":-12.064239501953125,"y":-18.93049430847168,"z":-13.522300720214844},"rotation":{"x":-0.012784984894096852,"y":0.9799157381057739,"z":-0.18744181096553803,"w":-0.06683750450611115},"size":43.242218017578128,"orthographic":false}