{"cameraMode":{"drawMode":0,"name":"Shaded","section":"Shading Mode"},"sceneLighting":true,"audioPlay":false,"sceneViewState":{"showFog":true,"showMaterialUpdate":false,"showSkybox":true,"showFlares":true,"showImageEffects":true,"showParticleSystems":true},"in2DMode":false,"pivot":{"x":-237.97718811035157,"y":2.1465625762939455,"z":224.7542724609375},"rotation":{"x":0.19426165521144868,"y":-0.061754077672958377,"z":0.012254791334271431,"w":0.9789273738861084},"size":22.0,"orthographic":false}