{"cameraMode":{"drawMode":0,"name":"Shaded","section":"Shading Mode"},"sceneLighting":true,"audioPlay":false,"sceneViewState":{"showFog":true,"showMaterialUpdate":false,"showSkybox":false,"showFlares":true,"showImageEffects":true,"showParticleSystems":true},"in2DMode":false,"pivot":{"x":-19.619998931884767,"y":2.2504024505615236,"z":14.785812377929688},"rotation":{"x":-0.2578774094581604,"y":-0.20390288531780244,"z":0.055774055421352389,"w":-0.9427683353424072},"size":95.09999084472656,"orthographic":false}