{"cameraMode":{"drawMode":0,"name":"Shaded","section":"Shading Mode"},"sceneLighting":true,"audioPlay":false,"sceneViewState":{"showFog":true,"showMaterialUpdate":false,"showSkybox":true,"showFlares":true,"showImageEffects":true,"showParticleSystems":true},"in2DMode":false,"pivot":{"x":83.56298828125,"y":17.05859375,"z":108.9853515625},"rotation":{"x":0.5757244825363159,"y":-0.13455744087696076,"z":0.09675426781177521,"w":0.8006711006164551},"size":11.766282081604004,"orthographic":true}