{"cameraMode":{"drawMode":0,"name":"Shaded","section":"Shading Mode"},"sceneLighting":true,"audioPlay":false,"sceneViewState":{"showFog":true,"showMaterialUpdate":false,"showSkybox":true,"showFlares":true,"showImageEffects":true,"showParticleSystems":true},"in2DMode":false,"pivot":{"x":-259.26300048828127,"y":1.5521974563598633,"z":206.13287353515626},"rotation":{"x":0.33154305815696719,"y":0.6521970629692078,"z":-0.38379594683647158,"w":0.5633994340896606},"size":1.6410385370254517,"orthographic":true}