{"cameraMode":{"drawMode":0,"name":"Shaded","section":"Shading Mode"},"sceneLighting":true,"audioPlay":false,"sceneViewState":{"showFog":true,"showMaterialUpdate":false,"showSkybox":true,"showFlares":true,"showImageEffects":true,"showParticleSystems":true},"in2DMode":false,"pivot":{"x":-76.41057586669922,"y":0.8706426620483398,"z":460.5740966796875},"rotation":{"x":-0.3250872492790222,"y":-0.49083030223846438,"z":0.20399123430252076,"w":-0.7821709513664246},"size":28.871639251708986,"orthographic":true}