{"cameraMode":{"drawMode":0,"name":"Shaded","section":"Shading Mode"},"sceneLighting":true,"audioPlay":false,"sceneViewState":{"showFog":true,"showMaterialUpdate":false,"showSkybox":true,"showFlares":true,"showImageEffects":true,"showParticleSystems":true},"in2DMode":false,"pivot":{"x":73.71809387207031,"y":2.29005765914917,"z":107.63001251220703},"rotation":{"x":0.07613173127174378,"y":0.43877434730529787,"z":-0.03734083101153374,"w":0.894587516784668},"size":7.9003400802612309,"orthographic":false}