{"cameraMode":{"drawMode":0,"name":"Shaded","section":"Shading Mode"},"sceneLighting":true,"audioPlay":false,"sceneViewState":{"showFog":true,"showMaterialUpdate":false,"showSkybox":true,"showFlares":true,"showImageEffects":true,"showParticleSystems":true},"in2DMode":false,"pivot":{"x":-99.59773254394531,"y":3.608004570007324,"z":478.983154296875},"rotation":{"x":0.49601855874061587,"y":0.15838845074176789,"z":-0.09256818145513535,"w":0.8487107157707214},"size":14.830885887145996,"orthographic":false}